name	weight	coordinates
0	1322	LINESTRING(293635.0125710462 5040272.29218222, 299197.88025322877 5049851.449651597)
1	1764	LINESTRING(293734.4053502657 5040310.490326723, 299175.309898885 5049819.989371247)
2	1112	LINESTRING(293661.04929675604 5040236.938030917, 299098.46748938685 5049752.043189442)
3	1566	LINESTRING(293694.39919005474 5040297.599572529, 299152.36837140727 5049778.403095061)
4	1445	LINESTRING(293684.7145793536 5040293.857383108, 299171.46343489364 5049776.709002797)
